model,Coef.,Std.Err.,t,P>|t|,[0.025,0.975]
model_1,156078.70840754657,24680.659182459778,6.323927868120705,8.789382646015132e-09,107067.81062376706,205089.60619132608
model_1,-17683.057041644937,7360.93412538061,-2.4022843759290677,0.018279893341792294,-32300.413383105835,-3065.700700184041
model_2,294363.39082413336,46451.13066901166,6.337055451278997,8.539010428630347e-09,202107.4357955003,386619.3458527664
model_2,-129017.98929667105,33069.690605970376,-3.9013969266884594,0.00018183390202842088,-194697.24931499612,-63338.729278345956
model_2,18556.268836996293,5388.097380588631,3.44393716859087,0.0008650226573977939,7855.042355008987,29257.495318983598
model_3,11.342460613079925,0.13693390807877168,82.83164317894979,6.161712757000991e-89,11.070537009971636,11.614384216188215
model_3,0.0038644001097370984,0.040840135972344975,0.09462260635845798,0.9248181676659871,-0.07723601600227566,0.08496481622174985
